OBJECTID,from_huc,Zone_ID,Table
395659,180101010502,180101010501,Observations
395660,180101010502,180101010501,Observations
395661,180101010502,180101010501,Observations
395662,180101010502,180101010501,Observations
395663,180101010502,180101010501,Observations
395664,180101010502,180101010501,Observations
395665,180101010502,180101010501,Observations
395666,180101010502,180101010501,Observations
395667,180101010502,180101010501,Observations
395668,180101010502,180101010501,Observations
395669,180101010502,180101010501,Observations
395670,180101010502,180101010501,Observations
395671,180101010502,180101010501,Observations
395672,180101010502,180101010501,Observations
395673,180101010502,180101010501,Observations
395674,180101010502,180101010501,Observations
395675,180101010502,180101010501,Observations
395676,180101010502,180101010501,Observations
395677,180101010502,180101010501,Observations
395678,180101010502,180101010501,Observations
395679,180101010502,180101010501,Observations
395680,180101010502,180101010501,Observations
395681,180101010502,180101010501,Observations
395682,180101010502,180101010501,Observations
395683,180101010502,180101010501,Observations
395684,180101010502,180101010501,Observations
395685,180101010502,180101010501,Observations
395686,180101010502,180101010501,Observations
395687,180101010502,180101010501,Observations
395688,180101010502,180101010501,Observations
395689,180101010502,180101010501,Observations
395690,180101010502,180101010501,Observations
395691,180101010502,180101010501,Observations
395692,180101010502,180101010501,Observations
395693,180101010502,180101010501,Observations
395694,180101010502,180101010501,Observations
395695,180101010502,180101010501,Observations
395696,180101010502,180101010501,Observations
395697,180101010502,180101010501,Observations
395698,180101010502,180101010501,Observations
395699,180101010502,180101010501,Observations
395700,180101010502,180101010501,Observations
395701,180101010502,180101010501,Observations
395702,180101010502,180101010501,Observations
395703,180101010502,180101010501,Observations
395704,180101010502,180101010501,Observations
395705,180101010502,180101010501,Observations
395706,180101010502,180101010501,Observations
395707,180101010502,180101010501,Observations
395708,180101010502,180101010501,Observations
395709,180101010502,180101010501,Observations
395710,180101010502,180101010501,Observations
395711,180101010502,180101010501,Observations
395712,180101010502,180101010501,Observations
395713,180101010502,180101010501,Observations
395714,180101010502,180101010501,Observations
395715,180101010502,180101010501,Observations
396181,180101010502,180101010502,Observations
396182,180101010502,180101010502,Observations
396183,180101010502,180101010502,Observations
396184,180101010502,180101010502,Observations
396185,180101010502,180101010502,Observations
396186,180101010502,180101010502,Observations
396187,180101010502,180101010502,Observations
396188,180101010502,180101010502,Observations
396189,180101010502,180101010502,Observations
396190,180101010502,180101010502,Observations
396191,180101010502,180101010502,Observations
396192,180101010502,180101010502,Observations
396193,180101010502,180101010502,Observations
396194,180101010502,180101010502,Observations
396195,180101010502,180101010502,Observations
396196,180101010502,180101010502,Observations
396197,180101010502,180101010502,Observations
396198,180101010502,180101010502,Observations
396199,180101010502,180101010502,Observations
396200,180101010502,180101010502,Observations
396201,180101010502,180101010502,Observations
396202,180101010502,180101010502,Observations
396203,180101010502,180101010502,Observations
396204,180101010502,180101010502,Observations
396205,180101010502,180101010502,Observations
396206,180101010502,180101010502,Observations
396207,180101010502,180101010502,Observations
396208,180101010502,180101010502,Observations
396209,180101010502,180101010502,Observations
396210,180101010502,180101010502,Observations
396211,180101010502,180101010502,Observations
396212,180101010502,180101010502,Observations
396213,180101010502,180101010502,Observations
396214,180101010502,180101010502,Observations
396215,180101010502,180101010502,Observations
396216,180101010502,180101010502,Observations
396217,180101010502,180101010502,Observations
396218,180101010502,180101010502,Observations
396219,180101010502,180101010502,Observations
396220,180101010502,180101010502,Observations
396221,180101010502,180101010502,Observations
396222,180101010502,180101010502,Observations
396223,180101010502,180101010502,Observations
396224,180101010502,180101010502,Observations
396225,180101010502,180101010502,Observations
396226,180101010502,180101010502,Observations
396227,180101010502,180101010502,Observations
396228,180101010502,180101010502,Observations
396229,180101010502,180101010502,Observations
396230,180101010502,180101010502,Observations
396231,180101010502,180101010502,Observations
396232,180101010502,180101010502,Observations
396233,180101010502,180101010502,Observations
396234,180101010502,180101010502,Observations
396235,180101010502,180101010502,Observations
396236,180101010502,180101010502,Observations
396237,180101010502,180101010502,Observations
